{"song":"/beatmaps/ode_to_joy.ogg","sections":[{"bpm":140,"duration":60,"notes":[[0,2,1714.2857142857142,1],[0,5,1714.2857142857142,1],[0,2,2142.8571428571427,1],[0,1,2571.4285714285716,1],[0,0,3000,1],[0,0,3428.5714285714284,1],[0,6,3428.5714285714284,1],[0,1,3857.142857142857,1],[0,2,4285.714285714285,1],[0,3,4714.285714285714,1],[0,4,5142.857142857143,1],[0,6,5142.857142857143,1],[0,4,5571.428571428572,1],[0,3,6000,1],[0,2,6428.571428571428,1],[0,2,6857.142857142857,1],[0,6,6857.142857142857,1],[0,3,7500,1],[0,3,7714.285714285714,1],[0,2,8571.42857142857,1],[0,5,8571.42857142857,1],[0,2,9000,1],[0,1,9428.571428571428,1],[0,0,9857.142857142857,1],[0,0,10285.714285714286,1],[0,6,10285.714285714286,1],[0,1,10714.285714285714,1],[0,2,11142.857142857143,1],[0,3,11571.428571428572,1],[0,4,12000,1],[0,6,12000,1],[0,4,12428.57142857143,1],[0,3,12857.142857142857,1],[0,2,13285.714285714284,1],[0,3,13714.285714285714,1],[0,6,13714.285714285714,1],[0,4,14357.142857142857,1],[0,4,14571.42857142857,1],[0,6,14571.42857142857,1],[0,5,15000,1],[0,3,15428.571428571428,1],[0,5,15428.571428571428,1],[0,3,15857.142857142857,1],[0,2,16285.714285714284,1],[0,4,16285.714285714284,1],[0,4,16714.285714285714,1],[0,3,17142.85714285714,1],[0,5,17142.85714285714,1],[0,2,17571.428571428572,1],[0,1,17785.714285714286,1],[0,2,18000,1],[0,4,18000,1],[0,4,18428.57142857143,1],[0,3,18857.142857142855,1],[0,5,18857.142857142855,1],[0,2,19285.714285714286,1],[0,5,19285.714285714286,1],[0,1,19500,1],[0,2,19714.285714285714,1],[0,4,19714.285714285714,1],[0,3,20142.85714285714,1],[0,4,20571.428571428572,1],[0,6,20571.428571428572,1],[0,3,21000,1],[0,7,21428.571428571428,1],[0,5,21428.571428571428,1],[0,2,21857.142857142855,1],[0,5,22285.714285714286,1],[0,2,22714.285714285714,1],[0,1,23142.857142857145,1],[0,0,23571.428571428572,1],[0,0,24000,1],[0,6,24000,1],[0,1,24428.571428571428,1],[0,2,24857.14285714286,1],[0,1,25285.714285714286,1],[0,3,25500,1],[0,4,25714.285714285714,1],[0,6,25714.285714285714,1],[0,4,26142.857142857145,1],[0,3,26571.42857142857,1],[0,2,27000,1],[0,3,27428.571428571428,1],[0,5,27428.571428571428,1],[0,4,28071.428571428572,1],[0,4,28285.714285714286,1],[0,6,28285.714285714286,1],[0,2,30857.142857142855,1],[0,5,30857.142857142855,1],[0,2,31285.714285714286,1],[0,1,31714.285714285714,1],[0,0,32142.85714285714,1],[0,0,32571.42857142857,1],[0,6,32571.42857142857,1],[0,1,33000,1],[0,2,33428.57142857143,1],[0,3,33857.142857142855,1],[0,4,34285.71428571428,1],[0,6,34285.71428571428,1],[0,4,34714.28571428572,1],[0,3,35142.857142857145,1],[0,2,35571.42857142857,1],[0,2,36000,1],[0,5,36000,1],[0,3,36642.857142857145,1],[0,3,36857.14285714286,1],[0,2,37714.28571428571,1],[0,5,37714.28571428571,1],[0,2,38142.85714285714,1],[0,1,38571.42857142857,1],[0,0,39000,1],[0,0,39428.57142857143,1],[0,6,39428.57142857143,1],[0,1,39857.142857142855,1],[0,2,40285.71428571428,1],[0,3,40714.28571428572,1],[0,4,41142.857142857145,1],[0,6,41142.857142857145,1],[0,4,41571.42857142857,1],[0,3,42000,1],[0,2,42428.57142857143,1],[0,3,42857.142857142855,1],[0,6,42857.142857142855,1],[0,4,43500,1],[0,4,43714.28571428571,1],[0,6,43714.28571428571,1],[0,3,44571.42857142857,1],[0,6,44571.42857142857,1],[0,3,45000,1],[0,2,45428.57142857143,1],[0,5,45428.57142857143,1],[0,4,45857.142857142855,1],[0,3,46285.71428571429,1],[0,6,46285.71428571429,1],[0,2,46714.28571428572,1],[0,1,46928.57142857143,1],[0,2,47142.857142857145,1],[0,5,47142.857142857145,1],[0,4,47571.42857142857,1],[0,3,48000,1],[0,6,48000,1],[0,2,48428.57142857143,1],[0,7,48428.57142857143,1],[0,1,48642.857142857145,1],[0,2,48857.142857142855,1],[0,5,48857.142857142855,1],[0,3,49285.71428571428,1],[0,4,49714.28571428572,1],[0,6,49714.28571428572,1],[0,3,50142.857142857145,1],[0,7,50571.42857142857,1],[0,5,50571.42857142857,1],[0,2,51000,1],[0,5,51428.57142857143,1],[0,2,51857.14285714286,1],[0,1,52285.71428571429,1],[0,0,52714.28571428571,1],[0,0,53142.85714285714,1],[0,5,53142.85714285714,1],[0,1,53571.42857142857,1],[0,2,54000,1],[0,1,54428.57142857143,1],[0,3,54642.857142857145,1],[0,4,54857.142857142855,1],[0,6,54857.142857142855,1],[0,4,55285.71428571428,1],[0,3,55714.28571428572,1],[0,2,56142.857142857145,1],[0,3,56571.42857142857,1],[0,6,56571.42857142857,1],[0,4,57214.28571428572,1],[0,4,57428.57142857143,1],[0,6,57428.57142857143,1]]}]}