{"song":"/beatmaps/ode_to_joy.ogg","sections":[{"bpm":140,"duration":60,"notes":[[0,2,1714.2857142857142,2],[0,2,2142.8571428571427,2],[0,1,2571.4285714285716,2],[0,0,3000,2],[0,0,3428.5714285714284,2],[0,1,3857.142857142857,2],[0,2,4285.714285714285,2],[0,3,4714.285714285714,2],[0,4,5142.857142857143,2],[0,4,5571.428571428572,2],[0,3,6000,2],[0,2,6428.571428571428,2],[0,2,6857.142857142856,2],[0,3,7500,2],[0,3,7714.285714285714,2],[0,2,8571.42857142857,2],[0,2,9000,2],[0,1,9428.571428571428,2],[0,0,9857.142857142857,2],[0,0,10285.714285714286,2],[0,1,10714.285714285714,2],[0,2,11142.857142857143,2],[0,3,11571.42857142857,2],[0,4,12000.000000000002,2],[0,4,12428.57142857143,2],[0,3,12857.142857142857,2],[0,2,13285.714285714284,2],[0,3,13714.285714285714,2],[0,4,14357.142857142857,2],[0,4,14571.42857142857,2],[0,4,15428.571428571428,4],[0,0,16285.714285714284,4],[0,4,17142.85714285714,4],[0,0,18000,4],[0,4,18857.142857142855,4],[0,0,19714.285714285714,4],[0,4,20571.428571428572,4],[0,0,21000,4],[0,0,21428.571428571428,8],[0,2,21857.142857142855,2],[0,2,22714.285714285714,2],[0,1,23142.857142857145,2],[0,0,23571.428571428572,2],[0,0,24000,2],[0,1,24428.571428571428,2],[0,2,24857.14285714286,2],[0,1,25285.714285714286,2],[0,2,25500,2],[0,3,25714.285714285714,2],[0,3,26142.857142857145,2],[0,2,26571.42857142857,2],[0,1,27000,2],[0,2,27428.571428571428,2],[0,3,28071.428571428572,2],[0,3,28285.714285714286,2],[0,2,30857.142857142855,2],[0,2,31285.714285714286,2],[0,1,31714.285714285714,2],[0,0,32142.85714285714,2],[0,0,32571.42857142857,2],[0,1,33000,2],[0,2,33428.57142857143,2],[0,3,33857.142857142855,2],[0,4,34285.71428571428,2],[0,4,34714.28571428572,2],[0,3,35142.857142857145,2],[0,2,35571.42857142857,2],[0,2,36000,2],[0,3,36642.857142857145,2],[0,3,36857.14285714286,2],[0,2,37714.28571428571,2],[0,2,38142.85714285714,2],[0,1,38571.42857142857,2],[0,0,39000,2],[0,0,39428.57142857143,2],[0,1,39857.142857142855,2],[0,2,40285.71428571428,2],[0,3,40714.28571428572,2],[0,4,41142.857142857145,2],[0,4,41571.42857142857,2],[0,3,42000,2],[0,2,42428.57142857143,2],[0,3,42857.142857142855,2],[0,4,43500,2],[0,4,43714.28571428571,2],[0,4,44571.42857142857,4],[0,0,45428.57142857143,4],[0,4,46285.71428571429,4],[0,0,47142.857142857145,4],[0,4,48000,4],[0,0,48857.142857142855,4],[0,4,49714.28571428572,4],[0,0,50142.857142857145,4],[0,0,50571.42857142857,8],[0,2,51000,2],[0,2,51857.14285714286,2],[0,1,52285.71428571429,2],[0,0,52714.28571428571,2],[0,0,53142.85714285714,2],[0,1,53571.42857142857,2],[0,2,54000,2],[0,1,54428.57142857143,2],[0,2,54642.857142857145,2],[0,3,54857.142857142855,2],[0,3,55285.71428571428,2],[0,2,55714.28571428572,2],[0,1,56142.857142857145,2],[0,2,56571.42857142857,2],[0,3,57214.28571428572,2],[0,3,57428.57142857143,2]]}]}