{"song":"/beatmaps/the_entertainer.ogg","sections":[{"bpm":72.00002880001152,"duration":256.2498975,"notes":[[0,2,3333.332,2],[0,4,3958.3317500000003,2],[0,2,4583.3315,2],[0,4,4999.998,2],[0,6,4999.998,2],[0,4,5624.99775,2],[0,2,6249.9975,2],[0,4,6666.664,2],[0,0,7291.66375,2],[0,5,8333.33,2],[0,0,9166.663,2],[0,6,9999.996,2],[0,0,10833.329,2],[0,5,10833.329,2],[0,3,11666.662,2],[0,1,12083.3285,2],[0,2,12499.995,2],[0,2,13333.328,2],[0,6,13333.328,2],[0,6,14166.661,2],[0,0,14583.3275,2],[0,5,14583.3275,2],[0,5,14999.993999999999,2],[0,0,15416.660499999998,2],[0,0,15833.327000000001,2],[0,1,16666.66,2],[0,2,17499.993,2],[0,0,17499.993,2],[0,0,18333.326,2],[0,5,18749.9925,2],[0,6,19166.659,2],[0,0,19999.992,2],[0,0,20833.324999999997,2],[0,1,21666.658,2],[0,4,22083.3245,2],[0,6,22499.991,2],[0,5,23333.324,2],[0,6,24166.657,2],[0,4,24166.657,2],[0,2,24999.99,2],[0,0,25416.656499999997,2],[0,1,25833.323,2],[0,1,26666.656,2],[0,5,26666.656,2],[0,5,27499.988999999998,2],[0,6,27916.6555,2],[0,4,27916.6555,2],[0,4,28333.322,2],[0,2,28749.9885,2],[0,6,29166.655,2],[0,6,29999.987999999998,2],[0,0,29999.987999999998,2],[0,5,30833.320999999996,2],[0,6,31666.654000000002,2],[0,3,32499.986999999997,2],[0,6,33333.32,2],[0,3,34166.653,2],[0,4,34583.319500000005,2],[0,2,34999.986,2],[0,5,34999.986,2],[0,0,35416.6525,2],[0,2,35833.319,2],[0,1,36666.652,2],[0,2,37499.985,2],[0,0,37499.985,2],[0,0,38333.318,2],[0,5,38749.9845,2],[0,6,39166.651,2],[0,6,39999.984,2],[0,3,39999.984,2],[0,3,40833.317,2],[0,4,41249.9835,2],[0,2,41249.9835,2],[0,2,41666.649999999994,2],[0,0,42083.3165,2],[0,0,42499.983,2],[0,1,43333.316,2],[0,2,44166.649,2],[0,0,44166.649,2],[0,0,44999.982,2],[0,5,45416.6485,2],[0,6,45833.315,2],[0,0,46666.648,2],[0,0,47499.981,2],[0,1,48333.314,2],[0,4,48749.9805,2],[0,6,49166.647,2],[0,5,49999.98,2],[0,6,50833.312999999995,2],[0,4,50833.312999999995,2],[0,2,51666.646,2],[0,0,52083.3125,2],[0,1,52499.979,2],[0,1,53333.312,2],[0,5,53333.312,2],[0,5,54166.645000000004,2],[0,6,54583.3115,2],[0,4,54583.3115,2],[0,4,54999.977999999996,2],[0,2,55416.644499999995,2],[0,6,55833.311,2],[0,6,56666.644,2],[0,0,56666.644,2],[0,5,57499.977,2],[0,6,58333.31,2],[0,3,59166.643000000004,2],[0,6,59999.975999999995,2],[0,3,60833.309,2],[0,4,61249.9755,2],[0,2,61666.64199999999,2],[0,5,61666.64199999999,2],[0,0,62083.3085,2],[0,0,62499.975,2],[0,2,63333.308000000005,2],[0,0,63333.308000000005,2],[0,1,64166.640999999996,2],[0,2,64999.973999999995,2],[0,1,65833.307,2],[0,1,66666.64,2],[0,1,67499.973,2],[0,6,67499.973,2],[0,6,68333.306,2],[0,6,69166.63900000001,2],[0,4,69999.972,2],[0,1,69999.972,2],[0,3,70833.305,2],[0,4,71666.638,2],[0,5,72499.971,2],[0,1,73333.304,2],[0,3,74166.63699999999,2],[0,4,74999.97,2],[0,1,75416.6365,2],[0,0,75833.303,2],[0,4,76666.636,2],[0,3,77499.969,2],[0,4,78333.302,2],[0,3,79166.635,2],[0,1,79999.968,2],[0,1,80833.301,2],[0,6,80833.301,2],[0,4,81666.634,2],[0,6,82083.3005,2],[0,1,82499.967,2],[0,4,83333.29999999999,2],[0,5,84166.633,2],[0,1,84999.966,2],[0,1,85833.299,2],[0,3,86666.632,2],[0,6,87083.2985,2],[0,2,87083.2985,2],[0,3,87499.965,2],[0,5,88333.298,2],[0,0,88749.9645,2],[0,4,89166.631,2],[0,2,89999.964,2],[0,1,90833.297,2],[0,2,91666.63,2],[0,1,92499.96299999999,2],[0,1,93333.296,2],[0,1,94166.629,2],[0,6,94166.629,2],[0,6,94999.962,2],[0,6,95833.295,2],[0,4,96666.628,2],[0,1,96666.628,2],[0,3,97499.961,2],[0,4,98333.294,2],[0,5,99166.62700000001,2],[0,1,99999.96,2],[0,3,100833.29299999999,2],[0,4,101666.62599999999,2],[0,1,102083.2925,2],[0,0,102499.959,2],[0,4,103333.292,2],[0,3,104166.625,2],[0,4,104999.958,2],[0,3,105833.291,2],[0,1,106666.624,2],[0,1,107499.957,2],[0,6,107499.957,2],[0,4,108333.29000000001,2],[0,6,108749.9565,2],[0,1,109166.623,2],[0,4,109999.95599999999,2],[0,5,110833.28899999999,2],[0,1,111666.622,2],[0,1,112499.955,2],[0,3,113333.288,2],[0,6,113749.9545,2],[0,2,113749.9545,2],[0,3,114166.621,2],[0,5,114999.954,2],[0,0,115416.62049999999,2],[0,0,115833.287,2],[0,1,116666.62,2],[0,6,116666.62,2],[0,2,117499.95300000001,2],[0,5,118333.28600000001,2],[0,3,118749.95249999998,2],[0,4,119166.61899999999,2],[0,4,119999.95199999999,2],[0,1,119999.95199999999,2],[0,1,120833.285,2],[0,2,121249.9515,2],[0,0,121249.9515,2],[0,0,121666.618,2],[0,0,122083.28450000001,2],[0,0,122499.951,2],[0,1,123333.28399999999,2],[0,2,124166.617,2],[0,0,124166.617,2],[0,0,124999.95,2],[0,5,125416.6165,2],[0,6,125833.283,2],[0,0,126666.61600000001,2],[0,0,127499.94900000001,2],[0,1,128333.28199999999,2],[0,4,128749.94849999998,2],[0,6,129166.615,2],[0,5,129999.94799999999,2],[0,6,130833.281,2],[0,4,130833.281,2],[0,2,131666.614,2],[0,0,132083.2805,2],[0,1,132499.947,2],[0,1,133333.28,2],[0,5,133333.28,2],[0,5,134166.613,2],[0,6,134583.2795,2],[0,4,134583.2795,2],[0,4,134999.946,2],[0,2,135416.6125,2],[0,6,135833.279,2],[0,6,136666.612,2],[0,0,136666.612,2],[0,5,137499.945,2],[0,6,138333.27800000002,2],[0,3,139166.61099999998,2],[0,6,139999.944,2],[0,3,140833.277,2],[0,4,141249.9435,2],[0,2,141666.61,2],[0,5,141666.61,2],[0,0,142083.2765,2],[0,3,142499.943,2],[0,0,143333.276,2],[0,2,143333.276,2],[0,0,143749.9425,2],[0,2,144166.609,2],[0,3,144583.2755,2],[0,1,144583.2755,2],[0,5,144999.942,2],[0,3,145833.275,2],[0,0,145833.275,2],[0,0,146249.94150000002,2],[0,3,146666.608,2],[0,3,147083.2745,2],[0,1,147083.2745,2],[0,6,147499.94100000002,2],[0,0,147916.60749999998,2],[0,1,148333.27399999998,2],[0,4,148333.27399999998,2],[0,0,149166.607,2],[0,6,149999.94,2],[0,2,150833.273,2],[0,6,151249.9395,2],[0,3,151249.9395,2],[0,4,151666.606,2],[0,0,152083.2725,2],[0,2,152499.939,2],[0,0,152916.6055,2],[0,1,153333.272,2],[0,5,153333.272,2],[0,6,154166.605,2],[0,3,154999.938,2],[0,4,155833.271,2],[0,5,156249.9375,2],[0,3,156666.604,2],[0,5,156666.604,2],[0,3,157083.27049999998,2],[0,5,157499.93699999998,2],[0,6,157916.6035,2],[0,4,157916.6035,2],[0,1,158333.27,2],[0,6,159166.603,2],[0,3,159166.603,2],[0,3,159583.2695,2],[0,6,159999.936,2],[0,6,160416.6025,2],[0,4,160416.6025,2],[0,2,160833.269,2],[0,3,161249.9355,2],[0,4,161666.602,2],[0,0,161666.602,2],[0,3,162499.935,2],[0,1,163333.268,2],[0,4,164166.601,2],[0,1,164583.26750000002,2],[0,5,164583.26750000002,2],[0,6,164999.934,2],[0,6,165833.267,2],[0,0,165833.267,2],[0,3,166666.59999999998,2],[0,4,167499.933,2],[0,6,168333.266,2],[0,1,169166.599,2],[0,1,169999.932,2],[0,3,169999.932,2],[0,1,170416.5985,2],[0,3,170833.265,2],[0,4,171249.9315,2],[0,2,171249.9315,2],[0,6,171666.598,2],[0,4,172499.931,2],[0,1,172499.931,2],[0,1,172916.5975,2],[0,4,173333.264,2],[0,4,173749.93050000002,2],[0,2,173749.93050000002,2],[0,0,174166.597,2],[0,1,174583.2635,2],[0,2,174999.93,2],[0,5,174999.93,2],[0,1,175833.26299999998,2],[0,6,176666.596,2],[0,2,177499.929,2],[0,6,177916.5955,2],[0,3,177916.5955,2],[0,4,178333.262,2],[0,0,178749.9285,2],[0,2,179166.595,2],[0,0,179583.2615,2],[0,1,179999.928,2],[0,5,179999.928,2],[0,6,180833.261,2],[0,3,181666.594,2],[0,4,182499.927,2],[0,5,182916.59350000002,2],[0,3,183333.26,2],[0,5,183333.26,2],[0,3,183749.92649999997,2],[0,5,184166.593,2],[0,6,184583.2595,2],[0,4,184583.2595,2],[0,1,184999.92599999998,2],[0,6,185833.259,2],[0,3,185833.259,2],[0,3,186249.92549999998,2],[0,6,186666.592,2],[0,6,187083.2585,2],[0,4,187083.2585,2],[0,2,187499.925,2],[0,3,187916.5915,2],[0,4,188333.258,2],[0,0,188333.258,2],[0,3,189166.59100000001,2],[0,1,189999.924,2],[0,4,190833.257,2],[0,1,191249.9235,2],[0,5,191249.9235,2],[0,6,191666.59,2],[0,6,192499.923,2],[0,0,192499.923,2],[0,3,193333.256,2],[0,4,194166.58899999998,2],[0,6,194999.922,2],[0,4,195833.255,2],[0,6,195833.255,2],[0,3,196666.588,2],[0,4,197499.921,2],[0,1,198333.25400000002,2],[0,1,199166.587,2],[0,3,199999.92,2],[0,6,200416.5865,2],[0,2,200416.5865,2],[0,3,200833.253,2],[0,2,201666.58599999998,2],[0,4,202499.919,2],[0,6,203333.25199999998,2],[0,3,203333.25199999998,2],[0,6,204166.585,2],[0,5,204583.25149999998,2],[0,2,204583.25149999998,2],[0,2,204999.918,2],[0,6,205833.251,2],[0,1,206666.584,2],[0,5,207499.91700000002,2],[0,1,